angle_roll,angle_pitch,gyro_x,gyro_y,gyro_z,pid_roll,pid_pitch,pid_yaw,m1,m2,m3,m4,rc_roll,rc_pitch,rc_yaw,rc_thr,battery_mv,i2c_errors,accel_z_raw
-0.00,-0.00,-0.03,-0.02,-0.10,0.04,0.05,0.48,1000,1000,1000,1000,1495,1474,1480,1030,13032,1,1.00
-0.00,-0.00,0.01,-0.03,-0.07,-0.03,0.03,0.37,1000,1000,1000,1000,1495,1474,1480,1030,13032,1,1.00
-0.00,-0.01,-0.02,0.03,-0.07,0.04,0.01,0.34,1000,1000,1000,1000,1495,1474,1480,1030,13032,1,1.00
-0.00,-0.01,-0.02,-0.02,0.01,0.04,0.05,-0.03,1150,1150,1150,1150,1495,1474,1480,1030,13032,1,1.00
-0.00,-0.01,0.08,0.00,-0.02,-0.04,-0.03,0.11,1150,1150,1150,1150,1495,1474,1480,1030,13032,1,1.00
-0.01,-0.01,-0.02,0.10,0.01,0.03,-0.10,-0.05,1150,1150,1150,1150,1495,1474,1479,1030,13032,1,1.00
-0.01,-0.01,0.01,0.04,-0.06,-0.03,-0.07,0.31,1150,1150,1150,1150,1495,1474,1479,1030,13032,1,1.00
-0.01,-0.01,-0.09,0.02,0.04,0.06,0.01,-0.19,1150,1150,1150,1150,1495,1474,1479,1030,13032,1,1.00
-0.01,-0.01,0.01,-0.07,0.18,0.08,0.08,-0.92,1150,1150,1150,1150,1496,1473,1480,1030,13032,1,1.00
-0.01,-0.01,-0.04,-0.11,-0.16,0.10,0.16,0.80,1150,1150,1150,1150,1496,1473,1480,1030,13032,1,1.00
-0.01,-0.01,-0.11,-0.00,-0.13,0.02,0.09,0.65,1150,1150,1150,1150,1496,1473,1480,1030,13032,1,1.00
-0.01,-0.01,0.01,-0.05,0.14,-0.03,0.03,-0.70,1150,1150,1150,1150,1495,1474,1480,1030,13032,1,1.00
-0.01,-0.02,0.05,-0.14,-0.15,0.03,0.11,0.74,1150,1150,1150,1150,1495,1474,1480,1030,13032,1,1.00
-0.01,-0.02,0.12,-0.16,-0.34,0.03,0.19,1.69,1150,1150,1150,1150,1495,1474,1480,1030,13032,1,1.00
-0.01,-0.02,0.13,-0.05,0.08,-0.08,0.13,-0.42,1150,1150,1150,1150,1495,1474,1480,1030,13032,1,1.00
-0.01,-0.02,0.02,0.01,0.29,-0.01,-0.00,-1.46,1150,1150,1150,1150,1495,1474,1480,1030,13032,1,1.00
-0.01,-0.02,0.05,-0.04,-0.05,-0.08,0.04,0.23,1150,1150,1150,1150,1495,1474,1480,1030,13032,1,1.00
-0.02,-0.02,-0.04,-0.11,0.06,0.01,0.16,-0.29,1150,1150,1150,1150,1495,1474,1480,1030,13032,1,1.00
-0.02,-0.02,0.20,0.44,-0.23,-0.41,-0.46,1.14,1150,1150,1150,1150,1495,1474,1480,1030,13032,1,1.00
-0.02,-0.02,-0.38,0.35,-0.38,0.40,-0.45,1.91,1150,1150,1150,1150,1495,1474,1480,1030,13032,1,1.00
-0.02,-0.02,-0.86,0.76,0.80,1.17,-1.11,-4.02,1150,1150,1150,1150,1495,1474,1480,1030,13032,1,1.00
-0.02,-0.03,0.30,0.70,-0.23,-0.51,-1.37,1.15,1150,1150,1150,1150,1495,1474,1480,1030,13032,1,1.00
-0.02,-0.03,0.46,0.54,-0.76,-0.93,-0.75,3.80,1150,1150,1150,1150,1495,1474,1480,1030,13032,1,1.00
-0.02,-0.03,-0.05,1.16,0.30,-0.33,-1.24,-1.52,1150,1150,1150,1150,1495,1474,1480,1030,13032,1,1.01
-0.02,-0.03,0.15,0.47,0.35,-0.24,-0.58,-1.73,1150,1150,1150,1150,1495,1474,1480,1030,13032,1,1.01
-0.02,-0.04,0.22,0.26,-0.42,-0.27,0.20,2.11,1150,1150,1150,1150,1495,1474,1480,1030,13032,1,1.01
-0.02,-0.04,-0.19,0.02,-0.57,0.33,0.50,2.85,1150,1150,1150,1150,1495,1474,1480,1030,13032,1,1.01
-0.03,-0.04,-0.66,-0.12,1.00,0.86,0.48,-5.00,1150,1150,1150,1150,1495,1474,1480,1030,13032,1,1.00
-0.02,-0.04,-0.12,-0.45,-0.00,0.38,1.00,0.00,1150,1150,1150,1150,1495,1474,1480,1030,13032,1,1.00
-0.02,-0.04,0.81,0.53,-0.48,-1.18,-0.95,2.38,1150,1150,1150,1150,1495,1474,1480,1030,13032,1,1.00
-0.02,-0.04,-0.57,-0.28,0.84,0.72,0.68,-4.22,1150,1150,1150,1150,1495,1474,1480,1030,13032,1,1.00
-0.03,-0.05,-0.36,-0.94,-0.26,0.09,1.17,1.28,1150,1150,1150,1150,1495,1474,1480,1030,13032,1,0.99
-0.04,-0.05,0.02,-0.70,-0.88,-1.08,0.99,4.40,1150,1150,1150,1150,1495,1474,1480,1030,13032,1,0.98
-0.06,-0.04,-0.63,0.29,0.02,0.52,-0.10,-0.12,1150,1150,1150,1150,1495,1474,1480,1030,13032,1,0.98
-0.06,-0.05,0.15,-0.79,1.30,-0.08,0.48,-6.49,1150,1150,1150,1150,1495,1474,1480,1030,13032,1,0.99
-0.06,-0.04,0.52,0.30,-0.10,-0.56,-0.27,0.51,1150,1150,1150,1150,1495,1474,1480,1030,13032,1,1.00
-0.04,-0.04,1.64,-0.30,-2.23,-1.08,0.21,11.16,1150,1150,1150,1150,1494,1474,1480,1030,13032,1,1.01
-0.04,-0.04,-0.10,0.18,1.11,1.16,-0.08,-5.56,1150,1150,1150,1150,1494,1474,1480,1030,13032,1,1.01
-0.01,-0.02,1.24,1.78,1.41,-0.76,-1.60,-7.04,1150,1150,1150,1150,1494,1474,1479,1030,13032,1,1.01
-0.02,-0.03,-0.40,-1.67,-0.29,0.83,-0.47,1.44,1150,1150,1150,1150,1494,1474,1479,1030,13032,1,1.02
-0.00,-0.03,0.66,2.77,0.00,-0.72,-2.68,-0.00,1150,1150,1150,1150,1494,1474,1479,1030,13032,1,1.01
0.03,-0.02,1.74,-1.20,-0.51,0.20,2.34,2.56,1150,1150,1150,1150,1496,1474,1479,1030,13032,1,1.02
-0.00,-0.03,-1.54,0.65,1.32,-1.16,-2.70,-6.59,1150,1150,1150,1150,1496,1474,1479,1030,13032,1,1.01
0.02,-0.03,1.07,-0.10,-1.02,-1.18,2.03,5.12,1150,1150,1150,1150,1496,1474,1479,1030,13032,1,1.01
-0.00,-0.03,-3.22,2.19,0.48,3.69,-2.09,-2.41,1150,1150,1150,1150,1496,1474,1479,1030,13032,1,1.00
-0.01,-0.05,-0.32,0.62,-1.16,0.53,-1.98,5.82,1150,1150,1150,1150,1496,1474,1479,1030,13032,1,1.01
-0.02,-0.07,-0.47,0.47,2.30,-1.36,-1.09,-11.48,1150,1150,1150,1150,1496,1474,1479,1030,13032,1,0.97
-0.02,-0.06,1.83,-1.76,-1.56,-1.65,1.94,7.78,1150,1150,1150,1150,1496,1474,1479,1030,13032,1,0.99
-0.02,-0.05,-0.36,2.60,-0.06,-1.25,-2.95,0.30,1150,1150,1150,1150,1496,1474,1482,1030,13032,1,1.00
-0.00,-0.07,-0.02,-2.60,-0.22,2.42,2.59,1.10,1150,1150,1150,1150,1496,1474,1482,1030,13032,1,0.98
-0.02,-0.05,0.53,1.03,-0.53,-2.58,-1.58,2.65,1150,1150,1150,1150,1496,1474,1483,1030,13032,1,1.00
-0.03,-0.07,-0.75,-1.09,1.51,1.57,-0.56,-7.53,1150,1150,1150,1150,1495,1474,1483,1029,13032,1,1.01
-0.03,-0.04,-0.71,0.25,-0.71,0.40,1.46,3.53,1150,1150,1150,1150,1495,1474,1483,1029,13032,1,0.96
-0.04,-0.04,-2.89,1.71,0.91,2.76,-2.42,-4.53,1150,1150,1150,1150,1495,1474,1483,1029,13032,1,0.99
-0.03,-0.05,1.74,-1.67,-2.40,-0.89,1.42,12.01,1150,1150,1150,1150,1495,1474,1483,1030,13032,1,1.02
-0.02,-0.02,0.85,1.26,-0.01,-2.10,1.32,0.06,1150,1150,1150,1150,1495,1474,1483,1030,13032,1,0.98
-0.02,-0.04,-2.31,0.35,1.23,4.52,-2.62,-6.14,1150,1150,1150,1150,1495,1474,1483,1030,13032,1,1.00
-0.01,-0.01,-1.90,-0.19,-0.94,3.20,1.48,4.70,1150,1150,1150,1150,1495,1474,1483,1030,13032,1,0.97
-0.01,-0.02,-1.58,5.26,0.69,-0.79,-8.57,-3.46,1150,1150,1150,1150,1495,1474,1482,1030,13032,1,1.00
0.00,-0.05,3.07,-5.90,0.03,-1.96,6.02,-0.13,1150,1150,1150,1150,1495,1474,1482,1030,13032,1,0.99
-0.03,-0.00,-1.11,3.16,-1.41,-0.70,-1.15,7.07,1150,1150,1150,1150,1495,1474,1483,1030,13032,1,1.01
-0.04,-0.03,-4.31,3.66,1.69,6.71,-10.75,-8.45,1150,1150,1150,1150,1495,1474,1483,1030,13032,1,1.00
-0.01,-0.04,5.95,-2.35,-0.86,-5.75,3.07,4.29,1150,1150,1150,1150,1495,1474,1483,1030,13032,1,1.05
-0.04,-0.02,-1.42,-0.25,1.40,-0.88,2.43,-7.02,1150,1150,1150,1150,1495,1474,1483,1030,13032,1,0.97
-0.03,-0.04,-3.47,0.99,1.40,7.84,-3.14,-7.01,1150,1150,1150,1150,1495,1474,1483,1030,13032,1,1.01
-0.05,-0.03,0.21,-4.11,-0.63,-2.05,7.05,3.13,1150,1150,1150,1150,1495,1474,1483,1030,13032,1,0.99
-0.03,-0.03,-1.91,5.53,-0.55,2.35,-7.91,2.76,1150,1150,1150,1150,1495,1474,1483,1030,13032,1,1.00
-0.02,-0.08,-0.81,-0.55,0.29,3.87,-4.24,-1.47,1150,1150,1150,1150,1495,1474,1483,1030,13032,1,0.99
-0.01,-0.06,5.01,-2.70,-0.43,-7.97,6.94,2.14,1150,1150,1150,1150,1495,1474,1482,1030,13032,1,1.00
-0.01,-0.03,-1.62,6.19,-0.65,-1.52,-4.31,3.25,1150,1150,1150,1150,1495,1474,1482,1030,13032,1,0.98
0.01,-0.09,-0.19,-5.31,1.01,4.65,2.14,-5.05,1150,1150,1150,1150,1495,1474,1482,1030,13032,1,0.92
-0.00,-0.05,3.74,-5.04,-1.70,-5.70,10.64,8.49,1150,1150,1150,1150,1495,1474,1482,1030,13032,1,0.98
-0.03,-0.01,-4.98,8.81,-2.07,2.83,-9.95,10.35,1150,1150,1150,1150,1495,1474,1482,1030,13032,1,0.98
0.05,-0.09,6.24,-7.73,-0.34,-3.62,4.94,1.70,1150,1150,1150,1150,1495,1474,1482,1030,13032,1,1.00
0.04,-0.06,5.58,-6.77,-1.47,-9.60,15.84,7.34,1150,1150,1150,1150,1495,1474,1482,1030,13032,1,1.00
0.00,-0.04,-6.85,5.00,-0.52,3.53,-5.33,2.58,1150,1150,1150,1150,1495,1474,1482,1030,13032,1,0.95
0.05,-0.11,5.16,-8.11,-1.85,-3.02,6.21,9.24,1150,1150,1150,1150,1495,1474,1482,1030,12999,1,0.96
0.07,-0.03,7.50,-3.21,-5.59,-10.67,10.54,27.93,1150,1150,1150,1150,1495,1474,1482,1030,12999,1,1.02
-0.00,-0.01,-10.22,4.50,-3.11,7.54,-5.79,15.56,1150,1150,1150,1150,1495,1474,1482,1030,12999,1,0.97
0.05,-0.09,3.37,-3.70,0.32,-1.55,0.29,-1.59,1150,1150,1150,1150,1495,1474,1482,1030,12999,1,1.02
0.03,-0.08,4.07,-9.13,-1.39,-4.62,15.07,6.94,1150,1150,1150,1150,1495,1474,1482,1030,12999,1,0.99
-0.03,-0.05,-4.70,0.22,-4.69,0.82,3.38,23.43,1150,1150,1150,1150,1495,1474,1482,1030,12999,1,0.97
-0.01,-0.04,-3.41,4.50,-0.90,5.65,-6.11,4.52,1150,1150,1150,1150,1495,1474,1482,1030,12999,1,0.97
0.02,-0.07,4.73,-7.62,2.13,-4.40,10.06,-10.67,1150,1150,1150,1150,1495,1474,1482,1030,12999,1,1.01
-0.01,0.02,-1.39,5.58,-1.45,-3.82,2.93,7.25,1150,1150,1150,1150,1495,1474,1482,1030,12999,1,0.99
-0.01,-0.03,-4.98,1.46,1.22,6.27,-5.80,-6.12,1150,1150,1150,1150,1495,1474,1482,1030,12999,1,0.91
0.01,-0.05,2.08,-4.96,2.01,0.79,8.56,-10.03,1150,1150,1150,1150,1495,1474,1483,1030,12999,1,0.96
-0.01,0.00,2.68,5.38,-2.04,-8.99,-1.37,10.18,1150,1150,1150,1150,1495,1474,1483,1030,12999,1,1.00
-0.03,-0.04,-7.31,4.57,2.58,10.49,-10.05,-12.89,1150,1150,1150,1150,1495,1474,1483,1030,12999,1,0.91
-0.02,-0.08,0.53,-4.73,3.15,3.93,3.25,-15.77,1150,1150,1150,1150,1495,1474,1483,1030,12999,1,0.97
-0.05,-0.01,-1.31,3.93,-0.71,-3.45,-0.61,3.57,1150,1150,1150,1150,1495,1474,1482,1030,12999,1,0.99
-0.09,0.01,-9.53,9.18,0.22,10.69,-12.62,-1.11,1150,1150,1150,1150,1495,1474,1482,1030,12999,1,0.91
-0.07,-0.06,0.64,-0.19,2.62,3.06,-2.80,-13.09,1150,1150,1150,1150,1495,1474,1482,1030,12999,1,1.00
-0.08,-0.05,2.27,-5.30,0.16,-5.37,11.55,-0.79,1150,1150,1150,1150,1495,1474,1482,1030,12999,1,0.99
-0.12,-0.01,-7.95,6.16,-2.35,8.43,-4.68,11.77,1150,1150,1150,1150,1495,1474,1482,1030,12999,1,0.96
-0.11,-0.06,-4.55,0.98,1.01,7.98,-6.04,-5.04,1150,1150,1150,1150,1495,1474,1482,1030,12999,1,0.96
-0.05,-0.06,11.68,-7.67,-0.20,-14.95,9.61,1.00,1150,1150,1150,1150,1495,1474,1482,1030,12999,1,0.99
-0.08,0.04,-1.15,4.71,-0.96,-1.39,2.77,4.80,1150,1150,1150,1150,1495,1474,1482,1030,12999,1,0.99
-0.12,0.00,-9.72,2.31,2.99,12.49,-9.06,-14.93,1150,1150,1150,1150,1495,1474,1482,1030,12999,1,0.91
-0.08,-0.01,4.83,-5.81,1.32,-2.21,4.38,-6.61,1150,1150,1150,1150,1495,1473,1482,1030,12999,1,1.03
-0.13,0.06,1.18,2.68,-1.63,-5.62,3.00,8.14,1150,1150,1150,1150,1495,1473,1482,1030,12999,1,0.97
-0.14,0.02,-4.18,4.85,3.69,7.24,-9.77,-18.44,1150,1150,1150,1150,1495,1473,1481,1030,12999,1,0.95
-0.09,-0.03,4.90,-8.21,3.00,0.36,5.71,-15.02,1150,1150,1150,1150,1495,1473,1481,1030,12999,1,1.02
-0.11,0.06,1.88,3.71,-0.86,-3.96,-1.64,4.28,1150,1150,1150,1150,1494,1474,1481,1030,12999,1,1.04
-0.10,0.07,-4.57,10.49,1.66,4.51,-14.49,-8.29,1150,1150,1150,1150,1494,1474,1481,1031,12999,1,0.97
-0.03,0.01,5.48,-4.30,1.85,-0.62,0.09,-9.26,1150,1150,1150,1150,1494,1474,1480,1031,12999,1,0.98
-0.09,0.10,-4.20,2.12,-1.98,3.79,0.66,9.91,1150,1150,1150,1150,1495,1474,1482,1030,12999,1,1.05
-0.11,0.08,-4.00,4.67,-1.27,2.84,-4.99,6.35,1150,1150,1150,1150,1495,1474,1482,1030,12999,1,0.99
-0.09,0.01,1.14,-2.29,1.28,0.66,-0.75,-6.41,1150,1150,1150,1150,1495,1474,1481,1030,12999,1,1.00
-0.07,0.02,-2.69,-1.42,-2.54,7.66,1.94,12.71,1150,1150,1150,1150,1495,1474,1481,1030,12999,1,1.02
-0.07,0.06,-5.03,4.67,-2.98,5.02,-2.09,14.91,1150,1150,1150,1150,1495,1474,1482,1030,12999,1,1.02
-0.05,0.04,1.15,3.40,0.34,-2.91,-8.64,-1.72,1150,1150,1150,1150,1495,1474,1482,1030,12999,1,0.98
-0.05,-0.01,1.68,-12.29,3.14,-2.16,13.50,-15.69,1150,1150,1150,1150,1495,1474,1482,1030,12999,1,0.98
-0.05,0.06,3.09,4.75,-1.81,-7.84,2.60,9.03,1150,1150,1150,1150,1495,1474,1482,1030,12999,1,1.04
-0.10,0.02,-8.01,5.79,1.07,8.23,-12.77,-5.37,1150,1150,1150,1150,1495,1474,1482,1030,12999,1,0.91
-0.11,-0.03,2.27,-7.04,2.39,1.15,3.03,-11.96,1150,1150,1150,1150,1495,1474,1482,1030,12999,1,0.96
-0.16,0.04,5.19,0.84,0.79,-13.29,8.63,-3.97,1150,1150,1150,1150,1495,1474,1482,1030,12999,1,1.01
-0.19,0.01,-5.03,6.81,2.56,5.04,-12.20,-12.78,1150,1150,1150,1150,1495,1474,1482,1030,12999,1,0.92
-0.15,-0.07,2.42,-9.24,3.32,5.47,4.13,-16.61,1150,1150,1150,1150,1495,1474,1482,1030,12999,1,1.00
-0.13,0.02,9.60,-0.66,-1.28,-15.64,10.43,6.39,1150,1150,1150,1150,1495,1474,1482,1030,12999,1,1.07
-0.18,0.06,-6.86,10.74,0.58,2.63,-11.57,-2.91,1150,1150,1150,1150,1495,1474,1482,1030,12999,1,0.93
-0.18,-0.01,-2.30,0.26,0.70,10.86,-9.20,-3.49,1150,1150,1150,1150,1495,1474,1482,1030,12999,1,1.00
-0.18,0.01,6.07,-5.15,-2.00,-9.26,9.30,9.99,1150,1150,1150,1150,1495,1474,1482,1030,12999,1,1.08
-0.20,0.06,-5.58,12.04,-2.23,4.67,-14.22,11.13,1150,1150,1150,1150,1494,1474,1482,1030,12999,1,0.94
-0.16,-0.04,-3.68,2.99,0.28,12.42,-12.84,-1.42,1150,1150,1150,1150,1494,1474,1482,1030,12999,1,1.04
-0.14,-0.04,4.62,-8.56,-0.16,-4.59,13.27,0.82,1150,1150,1150,1150,1494,1474,1482,1030,12999,1,1.09
-0.14,0.07,-6.97,10.80,-1.79,7.40,-5.90,8.96,1150,1150,1150,1150,1494,1474,1482,1030,12999,1,1.04
-0.15,-0.00,-6.36,1.03,1.35,6.66,-6.62,-6.76,1150,1150,1150,1150,1494,1474,1482,1030,12999,1,1.06
-0.11,-0.04,0.73,-5.49,-0.06,1.49,4.24,0.32,1150,1150,1150,1150,1494,1474,1482,1030,12999,1,1.07
-0.13,-0.02,0.30,-0.34,-2.28,-3.43,6.34,11.41,1150,1150,1150,1150,1494,1474,1482,1030,12999,1,1.03
-0.12,-0.02,-4.09,9.29,0.45,4.42,-11.97,-2.26,1150,1150,1150,1150,1494,1474,1482,1030,12999,1,1.02
-0.07,-0.13,6.24,-16.49,3.14,-5.90,16.93,-15.68,1150,1150,1150,1150,1494,1474,1482,1030,12999,1,1.00
-0.08,-0.06,7.50,-1.18,-2.21,-13.15,9.50,11.06,1150,1150,1150,1150,1494,1474,1482,1030,12999,1,1.05
-0.13,-0.06,-8.67,5.91,0.14,6.56,-7.48,-0.68,1150,1150,1150,1150,1494,1474,1482,1030,12999,1,0.94
-0.09,-0.15,4.74,-12.09,-0.00,-1.74,8.64,0.01,1150,1150,1150,1150,1494,1474,1482,1030,12999,1,0.96
-0.12,-0.03,8.67,-2.96,-2.93,-18.66,14.64,14.64,1150,1150,1150,1150,1494,1474,1482,1030,12999,1,1.02
-0.16,-0.00,-4.94,7.46,-1.90,0.62,-3.79,9.52,1150,1150,1150,1150,1494,1474,1482,1030,12999,1,1.03
-0.15,-0.12,-4.36,-5.62,1.18,11.29,1.41,-5.90,1150,1150,1150,1150,1494,1474,1482,1030,12999,1,0.98
-0.18,-0.11,3.50,-5.48,1.29,-6.75,9.86,-6.47,1150,1150,1150,1150,1494,1474,1482,1030,12999,1,0.99
-0.18,-0.05,0.33,7.66,-0.11,-6.71,-2.22,0.55,1150,1150,1150,1150,1494,1474,1482,1030,12999,1,1.02
-0.18,-0.07,-8.75,3.77,2.64,15.60,-7.65,-13.22,1150,1150,1150,1150,1494,1474,1482,1030,12999,1,0.96
-0.19,-0.08,0.46,-2.65,2.60,1.76,-0.82,-13.00,1150,1150,1150,1150,1494,1474,1482,1030,12999,1,0.98
-0.21,0.00,2.61,9.91,1.52,-6.83,-8.69,-7.58,1150,1150,1150,1150,1494,1474,1482,1030,12999,1,0.99
-0.20,-0.03,-1.24,9.51,2.66,6.25,-18.57,-13.28,1150,1150,1150,1150,1494,1474,1482,1030,12999,1,0.98
-0.15,-0.15,5.75,-4.14,3.13,1.42,-5.07,-15.67,1150,1150,1150,1150,1494,1474,1482,1030,12999,1,1.06
-0.17,-0.09,2.04,-2.77,-0.23,-2.52,5.93,1.13,1150,1150,1150,1150,1494,1474,1482,1030,12999,1,1.05
-0.18,-0.02,-6.37,15.92,0.18,7.26,-22.93,-0.89,1150,1150,1150,1150,1495,1474,1482,1030,12999,1,1.04
-0.12,-0.07,0.04,-0.51,2.62,4.19,-3.86,-13.08,1150,1150,1150,1150,1495,1474,1482,1030,12999,1,1.06
-0.09,-0.06,4.82,-4.27,-1.86,-4.60,7.20,9.32,1150,1150,1150,1150,1495,1474,1482,1030,12999,1,1.07
-0.13,-0.01,-8.50,9.69,-3.02,8.52,-11.41,15.12,1150,1150,1150,1150,1495,1474,1482,1030,12999,1,1.06
-0.11,-0.07,-3.09,4.39,1.47,6.60,-12.32,-7.34,1150,1150,1150,1150,1495,1474,1482,1030,12999,1,1.03
-0.09,-0.11,9.79,-9.97,0.86,-11.76,11.87,-4.28,1150,1150,1150,1150,1495,1474,1482,1030,12999,1,1.00
-0.12,-0.07,-0.26,-3.43,-2.04,-1.34,7.13,10.22,1150,1150,1150,1150,1495,1474,1482,1030,12999,1,1.03
-0.08,-0.07,-3.79,3.59,0.04,8.04,-6.82,-0.19,1150,1150,1150,1150,1495,1474,1482,1030,12999,1,1.03
-0.07,-0.11,6.30,-5.90,0.49,-9.53,4.10,-2.43,1150,1150,1150,1150,1495,1474,1482,1030,12999,1,1.01
-0.13,-0.05,-0.76,-2.82,0.32,-6.27,10.39,-1.61,1150,1150,1150,1150,1495,1474,1482,1030,12999,1,1.01
-0.17,-0.06,-2.19,0.96,-1.25,1.42,0.79,6.24,1150,1150,1150,1150,1495,1474,1482,1030,12999,1,0.99
-0.15,-0.14,9.34,-9.00,-0.83,-9.84,4.01,4.13,1150,1150,1150,1150,1495,1474,1482,1030,12999,1,0.97
-0.13,-0.09,7.51,-5.26,-2.24,-11.38,11.50,11.21,1150,1150,1150,1150,1495,1474,1482,1030,12999,1,0.99
-0.14,-0.06,1.16,3.17,-1.08,-4.66,-0.33,5.42,1150,1150,1150,1150,1495,1474,1482,1030,12962,1,0.93
-0.17,-0.09,-0.18,-3.27,-0.12,1.93,-0.01,0.61,1150,1150,1150,1150,1495,1474,1482,1030,12962,1,0.96
-0.18,-0.08,3.37,-5.48,-4.29,-5.97,8.12,21.44,1150,1150,1150,1150,1495,1474,1482,1030,12962,1,1.03
-0.16,-0.04,5.16,3.67,-3.15,-8.86,-1.15,15.74,1150,1150,1150,1150,1495,1474,1482,1030,12962,1,0.97
-0.20,-0.06,-6.25,3.71,2.51,8.09,-7.05,-12.54,1150,1150,1150,1150,1495,1474,1482,1030,12962,1,0.98
-0.16,-0.12,2.39,-9.04,0.01,3.13,10.32,-0.03,1150,1150,1150,1150,1496,1474,1482,1029,12962,1,1.01
-0.17,-0.06,0.80,6.66,-1.34,-4.25,-3.56,6.72,1150,1150,1150,1150,1496,1474,1482,1029,12962,1,1.04
-0.16,-0.10,-7.28,11.40,3.15,10.50,-18.50,-15.74,1150,1150,1150,1150,1496,1474,1481,1030,12962,1,0.98
-0.11,-0.18,4.12,-7.19,1.30,0.01,6.55,-6.49,1150,1150,1150,1150,1496,1474,1481,1030,12962,1,1.01
-0.14,-0.08,-3.63,3.73,-0.28,0.37,4.04,1.40,1150,1150,1150,1150,1495,1474,1481,1030,12962,1,1.04
-0.13,-0.08,-8.58,15.29,3.63,12.06,-23.40,-18.17,1150,1150,1150,1150,1495,1474,1481,1030,12962,1,1.03
-0.08,-0.18,2.55,-3.47,1.47,1.12,-1.77,-7.37,1150,1150,1150,1150,1495,1474,1481,1030,12962,1,1.05
-0.12,-0.17,2.91,-6.36,0.01,-7.07,12.30,-0.04,1150,1150,1150,1150,1495,1474,1481,1030,12962,1,1.01
-0.16,-0.11,-7.95,10.87,0.73,8.79,-12.09,-3.67,1150,1150,1150,1150,1495,1474,1481,1030,12962,1,0.97
-0.13,-0.17,0.66,-1.96,0.45,0.24,-3.01,-2.26,1150,1150,1150,1150,1495,1474,1480,1030,12962,1,1.01
-0.09,-0.13,7.58,-4.98,-0.46,-9.94,7.97,2.29,1150,1150,1150,1150,1495,1474,1480,1030,12962,1,0.99
-0.11,-0.10,-3.59,7.74,-0.96,2.63,-7.49,4.81,1150,1150,1150,1150,1495,1474,1480,1030,12962,1,0.96
-0.10,-0.17,-1.83,-2.47,-1.74,3.21,-2.29,8.71,1150,1150,1150,1150,1496,1474,1480,1030,12962,1,0.98
-0.11,-0.15,5.86,-8.22,-0.77,-9.57,10.72,3.85,1150,1150,1150,1150,1496,1474,1480,1030,12962,1,0.97
-0.12,-0.10,2.32,2.50,-0.39,-5.43,3.06,1.97,1150,1150,1150,1150,1496,1474,1480,1030,12962,1,0.96
-0.15,-0.13,-6.09,0.32,-0.06,7.26,-2.62,0.30,1150,1150,1150,1150,1496,1474,1480,1030,12962,1,0.95
-0.11,-0.13,3.82,-4.43,-2.31,0.44,2.01,11.57,1150,1150,1150,1150,1496,1474,1480,1030,12962,1,0.95
-0.15,-0.07,-0.37,4.92,-0.46,-3.75,-1.12,2.28,1150,1150,1150,1150,1495,1474,1480,1030,12962,1,1.01
-0.10,-0.10,-1.78,7.55,1.79,4.48,-11.55,-8.95,1150,1150,1150,1150,1495,1474,1480,1030,12962,1,0.99
-0.08,-0.15,0.86,-10.51,0.65,4.67,11.26,-3.24,1150,1150,1150,1150,1495,1474,1480,1030,12962,1,1.00
-0.12,-0.07,0.72,4.15,-2.38,-5.68,2.55,11.91,1150,1150,1150,1150,1495,1474,1480,1030,12962,1,1.04
-0.07,-0.08,-2.15,9.39,1.45,2.92,-14.21,-7.23,1150,1150,1150,1150,1495,1474,1480,1030,12962,1,0.97
0.01,-0.15,3.02,-4.96,2.46,6.11,2.18,-12.28,1150,1150,1150,1150,1495,1474,1480,1030,12962,1,1.04
-0.08,-0.05,-3.36,0.35,-1.56,-2.75,8.41,7.81,1150,1150,1150,1150,1495,1474,1480,1030,12962,1,1.03
-0.07,-0.07,-1.59,7.19,-1.20,-2.87,-7.83,5.99,1150,1150,1150,1150,1495,1474,1480,1030,12962,1,0.97
0.01,-0.17,1.35,-1.12,0.97,6.29,-3.99,-4.87,1150,1150,1150,1150,1495,1474,1480,1030,12962,1,1.09
0.01,-0.15,0.00,-5.00,1.11,0.61,12.46,-5.53,1150,1150,1150,1150,1495,1474,1480,1030,12962,1,1.11
0.03,-0.14,-2.44,0.85,-1.04,-0.87,5.09,5.18,1150,1150,1150,1150,1495,1474,1480,1030,12962,1,1.01
0.06,-0.20,-5.91,5.08,0.14,9.30,-8.58,-0.72,1150,1150,1150,1150,1495,1474,1480,1030,12962,1,1.15
0.08,-0.25,3.37,-12.17,1.77,-5.12,15.28,-8.85,1150,1150,1150,1150,1495,1474,1481,1030,12962,1,1.08
0.05,-0.19,1.29,2.42,-0.68,-5.14,2.66,3.41,1150,1150,1150,1150,1495,1474,1481,1030,12962,1,1.05
0.02,-0.22,-9.00,7.41,1.47,10.10,-13.06,-7.35,1150,1150,1150,1150,1495,1474,1481,1030,12962,1,1.05
0.08,-0.30,11.70,-14.79,2.58,-11.61,12.11,-12.91,1150,1150,1150,1150,1495,1474,1481,1030,12962,1,0.99
0.08,-0.23,9.90,-4.45,-0.70,-12.87,11.17,3.49,1150,1150,1150,1150,1495,1474,1481,1030,12962,1,1.02
0.05,-0.22,-5.24,8.20,1.00,3.15,-10.78,-5.02,1150,1150,1150,1150,1495,1474,1481,1030,12962,1,1.02
0.12,-0.31,8.67,-15.03,1.64,-7.55,15.33,-8.20,1150,1150,1150,1150,1495,1474,1481,1030,12962,1,0.96
0.09,-0.23,8.09,-2.76,-3.57,-15.44,9.67,17.87,1150,1150,1150,1150,1495,1474,1481,1030,12962,1,1.08
0.03,-0.20,-9.08,8.60,-0.26,4.36,-9.37,1.32,1150,1150,1150,1150,1495,1474,1481,1030,12962,1,0.98
0.08,-0.32,5.79,-12.53,-1.48,-3.79,11.76,7.42,1150,1150,1150,1150,1495,1474,1481,1030,12962,1,0.91
0.10,-0.28,10.55,-4.81,-6.41,-12.44,7.81,32.06,1150,1150,1150,1150,1495,1474,1482,1030,12962,1,0.99
0.08,-0.21,-3.58,6.43,-2.48,-2.84,-2.52,12.38,1150,1150,1150,1150,1495,1474,1482,1030,12962,1,0.96
0.09,-0.27,-2.97,-2.04,0.49,6.06,0.14,-2.43,1150,1150,1150,1150,1495,1474,1481,1030,12962,1,0.94
0.08,-0.24,0.13,-3.57,-2.09,-0.01,8.87,10.46,1150,1150,1150,1150,1495,1474,1481,1030,12962,1,0.96
0.10,-0.23,1.84,1.23,-3.75,-4.91,-0.29,18.75,1150,1150,1150,1150,1495,1474,1481,1030,12962,1,0.96
0.10,-0.23,-6.27,7.48,1.50,9.47,-11.26,-7.48,1150,1150,1150,1150,1495,1474,1481,1030,12962,1,0.96
0.12,-0.24,-2.63,1.80,3.80,8.00,-2.49,-19.02,1150,1150,1150,1150,1495,1474,1481,1030,12962,1,0.99
0.12,-0.20,-4.21,5.71,1.00,4.04,-2.24,-5.02,1150,1150,1150,1150,1495,1474,1481,1030,12962,1,1.06
0.14,-0.21,-7.55,14.67,3.79,12.61,-20.99,-18.97,1150,1150,1150,1150,1495,1474,1481,1030,12962,1,1.03
0.17,-0.29,-1.23,2.97,5.27,7.83,-11.21,-26.36,1150,1150,1150,1150,1495,1474,1481,1030,12962,1,1.04
0.17,-0.24,-1.77,3.25,1.79,2.06,-0.30,-8.93,1150,1150,1150,1150,1495,1474,1481,1030,12962,1,1.10
0.17,-0.23,-5.84,7.73,1.71,7.27,-9.22,-8.56,1150,1150,1150,1150,1495,1474,1481,1030,12962,1,1.04
0.20,-0.29,-0.84,-1.58,3.89,5.65,-4.70,-19.46,1150,1150,1150,1150,1495,1474,1481,1030,12962,1,1.08
0.22,-0.28,8.77,-4.26,-0.76,-11.98,7.75,3.80,1150,1150,1150,1150,1495,1474,1481,1030,12962,1,1.10
0.17,-0.25,-4.68,2.95,-2.10,2.55,-3.30,10.49,1150,1150,1150,1150,1495,1474,1481,1030,12962,1,1.05
0.21,-0.31,3.04,-7.16,2.10,0.54,3.88,-10.51,1150,1150,1150,1150,1495,1474,1481,1030,12962,1,1.06
0.22,-0.28,6.88,-7.91,-1.69,-10.30,13.45,8.45,1150,1150,1150,1150,1495,1474,1481,1030,12962,1,1.05
0.21,-0.26,-2.08,2.99,-2.54,0.91,-3.74,12.68,1150,1150,1150,1150,1495,1474,1481,1030,12962,1,1.03
0.25,-0.28,0.74,-1.02,0.48,1.22,0.53,-2.39,1150,1150,1150,1150,1495,1474,1481,1030,12962,1,1.06
0.24,-0.27,5.77,-5.10,-0.26,-11.17,8.05,1.28,1150,1150,1150,1150,1495,1474,1481,1030,12962,1,0.99
0.24,-0.25,1.03,-3.02,-1.46,-5.13,8.47,7.28,1150,1150,1150,1150,1495,1474,1481,1030,12962,1,1.01
0.25,-0.27,0.47,-0.92,-0.00,-0.60,2.06,0.02,1150,1150,1150,1150,1495,1474,1481,1030,12962,1,0.99
0.25,-0.32,6.21,-5.96,-0.74,-8.35,4.18,3.69,1150,1150,1150,1150,1495,1474,1482,1030,12962,1,0.93
0.24,-0.27,3.63,-4.35,-1.11,-10.62,10.75,5.57,1150,1150,1150,1150,1495,1474,1481,1030,12962,1,0.94
0.26,-0.24,2.44,3.48,-1.27,-2.97,1.22,6.37,1150,1150,1150,1150,1495,1474,1481,1030,12962,1,0.95
0.26,-0.30,-0.54,-2.45,0.63,2.75,0.13,-3.15,1150,1150,1150,1150,1495,1475,1481,1030,12962,1,0.98
0.28,-0.28,2.48,-0.71,-2.64,-3.66,1.34,13.20,1150,1150,1150,1150,1495,1475,1481,1030,12962,1,0.99
0.32,-0.23,5.93,3.73,-1.45,-8.80,0.95,7.23,1150,1150,1150,1150,1495,1475,1481,1030,12962,1,0.97
0.30,-0.24,-7.03,6.05,2.20,10.81,-11.18,-11.01,1150,1150,1150,1150,1495,1474,1482,1030,12962,1,1.01
0.33,-0.29,-1.02,-4.57,-1.35,5.43,4.56,6.76,1150,1150,1150,1150,1495,1474,1482,1030,12962,1,1.05
0.31,-0.24,-0.32,5.37,-1.39,-1.54,-4.10,6.94,1150,1150,1150,1150,1495,1474,1482,1030,12962,1,1.00
0.31,-0.25,-4.64,9.20,4.22,8.13,-15.88,-21.11,1150,1150,1150,1150,1495,1474,1482,1030,12962,1,1.03
0.37,-0.28,2.86,-2.72,1.39,1.59,3.11,-6.93,1150,1150,1150,1150,1495,1474,1482,1030,12962,1,1.09
0.34,-0.23,-0.85,-0.56,-1.70,0.16,3.22,8.50,1150,1150,1150,1150,1495,1474,1481,1030,12962,1,1.02
0.33,-0.22,-4.20,8.90,0.90,5.45,-12.96,-4.49,1150,1150,1150,1150,1495,1474,1481,1030,12962,1,1.01
0.32,-0.27,2.09,-3.66,1.22,-0.57,1.85,-6.11,1150,1150,1150,1150,1495,1474,1481,1030,12962,1,0.99
0.29,-0.24,0.34,-4.46,-1.71,-1.03,8.17,8.55,1150,1150,1150,1150,1495,1474,1481,1030,12962,1,1.02
0.27,-0.20,-4.13,4.58,-0.20,3.73,-3.04,1.02,1150,1150,1150,1150,1495,1474,1481,1030,12962,1,1.02
0.30,-0.24,1.38,-0.33,-1.03,-2.87,-2.79,5.14,1150,1150,1150,1150,1495,1474,1481,1030,12962,1,1.00
0.31,-0.26,4.34,-10.12,-3.29,-6.35,15.16,16.45,1150,1150,1150,1150,1495,1474,1481,1030,12942,1,1.05
0.27,-0.19,-4.45,2.80,-1.89,1.15,6.01,9.45,1150,1150,1150,1150,1495,1474,1481,1030,12942,1,1.01
0.24,-0.19,-6.17,7.66,1.61,5.57,-11.07,-8.07,1150,1150,1150,1150,1495,1474,1481,1030,12942,1,0.97
0.21,-0.22,-1.99,-6.95,1.55,-0.35,9.56,-7.75,1150,1150,1150,1150,1495,1474,1481,1030,12942,1,1.04
0.20,-0.20,2.00,-2.99,-1.35,-4.07,9.93,6.77,1150,1150,1150,1150,1495,1474,1481,1030,12942,1,1.01
0.24,-0.20,-0.76,7.28,0.85,2.97,-10.27,-4.27,1150,1150,1150,1150,1495,1474,1481,1030,12942,1,1.07
0.26,-0.28,2.43,-8.93,3.61,-2.98,6.30,-18.06,1150,1150,1150,1150,1495,1474,1481,1030,12942,1,1.03
0.26,-0.24,9.04,-6.90,-0.71,-13.45,14.48,3.53,1150,1150,1150,1150,1495,1474,1481,1030,12942,1,1.00
0.20,-0.20,-6.10,8.08,0.60,2.68,-10.36,-3.00,1150,1150,1150,1150,1495,1474,1481,1030,12942,1,0.98
0.24,-0.28,0.44,-5.06,1.58,2.14,1.33,-7.92,1150,1150,1150,1150,1495,1474,1481,1030,12942,1,1.01
0.23,-0.25,8.22,-9.06,-2.94,-13.84,15.81,14.68,1150,1150,1150,1150,1495,1474,1481,1030,12942,1,0.98
0.17,-0.19,-4.81,6.66,0.56,0.32,-4.30,-2.81,1150,1150,1150,1150,1495,1474,1481,1030,12942,1,0.96
0.19,-0.28,-1.85,-4.96,1.50,5.57,2.11,-7.51,1150,1150,1150,1150,1495,1474,1481,1030,12942,1,0.96
0.17,-0.25,6.27,-4.97,-2.32,-9.36,4.97,11.59,1150,1150,1150,1150,1495,1474,1482,1030,12942,1,0.98
0.14,-0.23,-0.93,0.76,-0.60,-1.39,1.53,2.99,1150,1150,1150,1150,1495,1474,1482,1030,12942,1,0.93
0.19,-0.28,1.81,0.44,0.52,-0.22,-4.60,-2.62,1150,1150,1150,1150,1495,1474,1482,1030,12942,1,1.03
0.25,-0.25,0.39,1.19,0.42,6.39,-1.95,-2.12,1150,1150,1150,1150,1495,1474,1481,1030,12942,1,1.03
0.22,-0.16,-1.34,9.01,-0.18,-2.71,-5.94,0.92,1150,1150,1150,1150,1495,1474,1481,1030,12942,1,1.00
0.25,-0.18,3.59,6.41,3.55,-4.53,-10.48,-17.75,1150,1150,1150,1150,1495,1474,1481,1030,12942,1,0.96
0.26,-0.25,-0.21,-6.33,3.05,6.84,2.68,-15.23,1150,1150,1150,1150,1495,1474,1481,1030,12942,1,1.03
0.22,-0.20,-0.29,2.27,-0.38,-1.03,2.49,1.88,1150,1150,1150,1150,1495,1474,1481,1030,12942,1,1.06
0.17,-0.18,-3.31,12.57,1.73,2.39,-17.49,-8.63,1150,1150,1150,1150,1495,1474,1481,1030,12942,1,0.93
0.13,-0.26,-3.06,-5.56,1.35,4.88,-1.06,-6.75,1150,1150,1150,1150,1495,1474,1481,1030,12942,1,1.01
0.13,-0.17,1.78,1.62,-2.67,-3.96,2.26,13.33,1150,1150,1150,1150,1495,1474,1481,1030,12942,1,1.03
0.10,-0.11,-2.88,8.60,-2.34,1.11,-8.20,11.72,1150,1150,1150,1150,1495,1474,1481,1030,12942,1,0.95
0.13,-0.22,-2.65,-3.19,-0.16,4.94,-4.58,0.79,1150,1150,1150,1150,1495,1474,1481,1030,12942,1,1.01
0.18,-0.20,8.70,-4.03,-4.05,-9.36,7.54,20.25,1150,1150,1150,1150,1495,1474,1481,1030,12942,1,1.06
0.09,-0.15,-7.66,7.70,-2.15,5.94,-5.06,10.76,1150,1150,1150,1150,1495,1474,1481,1030,12942,1,0.94
0.12,-0.21,-4.86,2.09,1.27,8.91,-9.77,-6.34,1150,1150,1150,1150,1495,1474,1481,1030,12942,1,1.02
0.16,-0.23,7.79,-11.10,-0.54,-9.08,14.03,2.71,1150,1150,1150,1150,1495,1474,1481,1030,12942,1,0.98
0.15,-0.14,-2.32,5.16,-2.76,0.83,-0.53,13.78,1150,1150,1150,1150,1495,1474,1481,1030,12942,1,1.02
0.18,-0.15,-6.67,6.38,0.70,9.28,-9.64,-3.48,1150,1150,1150,1150,1495,1474,1481,1030,12942,1,1.04
0.16,-0.15,-0.10,-2.60,1.88,-1.17,4.74,-9.38,1150,1150,1150,1150,1495,1474,1481,1030,12942,1,1.00
0.14,-0.15,2.38,-4.87,-0.97,-5.71,8.64,4.85,1150,1150,1150,1150,1495,1474,1481,1030,12942,1,0.98
0.15,-0.15,-3.62,5.71,0.59,4.66,-8.17,-2.96,1150,1150,1150,1150,1495,1474,1481,1030,12942,1,0.99
0.19,-0.21,4.08,-5.97,1.00,-2.28,-0.61,-5.00,1150,1150,1150,1150,1495,1474,1481,1030,12942,1,0.96
0.21,-0.14,8.51,-2.80,-0.01,-16.09,13.24,0.06,1150,1150,1150,1150,1495,1474,1481,1030,12942,1,1.04
0.20,-0.10,0.28,9.21,-0.78,-4.86,-10.09,3.91,1150,1150,1150,1150,1494,1475,1481,1029,12942,1,0.94
0.19,-0.19,0.66,-6.65,-0.41,2.72,-1.44,2.06,1150,1150,1150,1150,1494,1475,1482,1029,12942,1,0.99
0.18,-0.15,6.08,-5.16,-1.40,-10.43,9.75,7.01,1150,1150,1150,1150,1494,1474,1481,1030,12942,1,1.04
0.17,-0.08,5.51,9.90,-2.12,-9.91,-8.97,10.60,1150,1150,1150,1150,1494,1474,1481,1030,12942,1,0.98
0.11,-0.14,-4.89,0.16,-0.21,6.77,-6.31,1.03,1150,1150,1150,1150,1494,1475,1483,1030,12942,1,1.02
0.17,-0.19,9.03,-11.22,-0.18,-4.64,8.66,0.90,1150,1150,1150,1150,1494,1475,1483,1030,12942,1,1.02
0.12,-0.11,3.12,2.46,-0.48,-7.63,1.72,2.39,1150,1150,1150,1150,1494,1475,1483,1030,12942,1,1.03
0.11,-0.16,-5.23,5.25,3.08,8.46,-14.55,-15.39,1150,1150,1150,1150,1495,1475,1483,1030,12942,1,0.98
0.17,-0.22,9.38,-17.42,1.78,-5.13,17.28,-8.90,1150,1150,1150,1150,1495,1475,1483,1030,12942,1,1.03
0.13,-0.10,6.84,-0.90,-3.60,-14.59,9.42,18.02,1150,1150,1150,1150,1495,1475,1483,1029,12942,1,1.04
0.13,-0.08,-5.74,7.50,0.64,4.53,-10.52,-3.22,1150,1150,1150,1150,1495,1474,1483,1031,12942,1,0.97
0.17,-0.16,5.95,-12.52,0.52,-2.60,12.53,-2.58,1150,1150,1150,1150,1495,1474,1483,1031,12942,1,0.97
0.11,-0.11,3.90,-4.63,-2.72,-8.62,12.93,13.61,1150,1150,1150,1150,1495,1474,1483,1031,12942,1,0.98
0.05,-0.12,-4.76,2.36,-2.56,0.94,-4.23,12.82,1150,1150,1150,1150,1495,1474,1483,1031,12942,1,0.88
0.04,-0.17,1.56,-4.85,-0.15,2.13,2.37,0.76,1150,1150,1150,1150,1495,1474,1483,1031,12942,1,0.92
0.02,-0.13,-0.11,-0.38,-0.75,0.45,4.65,3.77,1150,1150,1150,1150,1495,1474,1483,1031,12942,1,0.97
0.01,-0.08,-7.89,9.74,-2.54,6.02,-7.37,12.71,1150,1150,1150,1150,1495,1474,1483,1031,12942,1,1.00
0.03,-0.12,-5.03,5.27,1.02,9.57,-9.50,-5.11,1150,1150,1150,1150,1495,1474,1483,1031,12942,1,0.93
0.05,-0.12,-0.60,-0.29,2.92,4.72,1.35,-14.62,1150,1150,1150,1150,1495,1474,1483,1031,12942,1,1.02
0.04,-0.14,-2.87,4.39,-0.04,4.28,-4.91,0.21,1150,1150,1150,1150,1495,1474,1483,1031,12942,1,1.04
0.03,-0.18,-6.13,12.83,1.36,10.87,-21.68,-6.81,1150,1150,1150,1150,1495,1474,1483,1031,12942,1,1.07
0.08,-0.27,5.55,-4.41,4.54,-1.12,0.76,-22.68,1150,1150,1150,1150,1495,1474,1483,1031,12942,1,1.10
0.07,-0.22,1.40,-2.35,0.32,-3.11,8.92,-1.59,1150,1150,1150,1150,1495,1474,1483,1031,12942,1,1.06
0.08,-0.20,-5.52,11.45,-3.22,7.41,-15.59,16.11,1150,1150,1150,1150,1495,1474,1483,1031,12942,1,1.09
0.14,-0.28,4.50,-5.69,1.28,-2.79,1.39,-6.38,1150,1150,1150,1150,1495,1474,1483,1031,12942,1,1.07
0.13,-0.24,5.65,-5.58,-1.32,-6.99,13.55,6.58,1150,1150,1150,1150,1495,1474,1483,1031,12942,1,1.05
0.08,-0.20,-7.61,6.01,-4.29,4.52,-3.65,21.46,1150,1150,1150,1150,1495,1474,1483,1031,12942,1,1.05
0.15,-0.25,1.84,-1.07,-0.78,2.58,-4.88,3.92,1150,1150,1150,1150,1495,1474,1483,1031,12942,1,1.05
0.20,-0.24,8.03,-3.85,-0.93,-7.68,7.57,4.67,1150,1150,1150,1150,1495,1474,1483,1031,12942,1,1.07
0.15,-0.19,-6.10,5.51,-2.43,2.87,-2.49,12.13,1150,1150,1150,1150,1495,1474,1483,1038,12942,1,0.99
0.20,-0.21,-2.85,1.35,0.43,7.00,-3.42,-2.14,1150,1150,1150,1150,1495,1474,1483,1038,12942,1,0.99
0.19,-0.22,2.50,-5.22,-0.11,-3.06,6.20,0.54,1150,1150,1150,1150,1495,1474,1483,1038,12942,1,1.04
0.20,-0.20,0.25,-2.27,-2.44,-1.97,7.22,12.22,1150,1150,1150,1150,1495,1474,1483,1046,12942,1,1.03
0.26,-0.18,-2.66,3.61,-1.01,6.56,-1.59,5.07,1150,1150,1150,1150,1495,1474,1483,1046,12942,1,1.01
0.31,-0.23,3.97,-5.81,0.66,-4.11,4.37,-3.32,1150,1150,1150,1150,1495,1474,1483,1049,12942,1,0.99
0.27,-0.19,0.92,-8.36,-2.10,-10.30,19.96,10.49,1150,1150,1150,1150,1495,1474,1483,1050,12942,1,1.02
0.23,-0.17,-3.57,-0.38,-3.52,-1.29,6.98,17.62,1150,1150,1150,1150,1495,1474,1483,1050,12942,1,0.97
0.27,-0.22,3.71,-1.94,-1.72,-3.51,0.17,8.62,1150,1150,1150,1150,1495,1474,1483,1056,12942,1,1.00
0.25,-0.18,-1.08,-5.67,-0.89,-3.83,12.39,4.43,1150,1150,1150,1150,1495,1474,1483,1056,12942,1,0.96
0.24,-0.16,7.79,-1.48,-1.46,-14.27,8.06,7.29,1150,1150,1150,1150,1495,1474,1483,1060,12942,1,0.99
0.20,-0.22,-6.59,0.47,1.65,7.99,-1.69,-8.27,1150,1150,1150,1150,1495,1474,1483,1065,12942,1,0.99
0.20,-0.24,3.31,-5.21,0.35,-3.27,3.19,-1.77,1150,1150,1150,1150,1495,1474,1483,1065,12942,1,0.96
0.20,-0.16,2.59,0.30,-0.01,-5.93,7.11,0.05,1150,1150,1150,1150,1495,1474,1483,1066,12942,1,0.94
0.19,-0.16,-5.57,8.64,2.78,7.38,-13.68,-13.89,1150,1150,1150,1150,1495,1474,1483,1066,12942,1,1.04
0.25,-0.20,4.64,-9.00,1.70,-0.65,9.57,-8.49,1150,1150,1150,1150,1495,1474,1483,1076,12942,1,1.03
0.24,-0.15,5.04,-3.76,0.11,-7.94,8.58,-0.53,1150,1150,1150,1150,1495,1474,1483,1086,12942,1,0.99
0.18,-0.14,-7.52,8.86,2.57,7.23,-13.74,-12.84,1150,1150,1150,1150,1495,1474,1484,1086,12942,1,0.98
0.20,-0.21,3.27,-4.24,1.29,0.71,0.07,-6.44,1150,1150,1150,1150,1495,1474,1484,1096,12917,1,0.99
0.17,-0.16,3.23,-1.27,-2.33,-5.86,2.80,11.65,1150,1150,1150,1150,1495,1474,1484,1096,12917,1,1.01
0.15,-0.14,-3.71,9.66,0.79,4.47,-15.15,-3.94,1150,1150,1150,1150,1495,1474,1484,1104,12917,1,0.95
0.22,-0.22,7.82,-4.84,1.70,-4.18,-1.64,-8.49,1150,1150,1150,1150,1495,1474,1484,1105,12917,1,0.97
0.20,-0.19,1.57,-10.57,-4.21,-0.16,14.22,21.03,1150,1150,1150,1150,1495,1474,1484,1105,12917,1,1.01
0.15,-0.09,-5.01,10.24,-2.67,1.12,-7.71,13.33,1150,1150,1150,1150,1495,1474,1484,1114,12917,1,1.01
0.14,-0.14,-0.59,2.26,0.94,1.14,-6.81,-4.72,1150,1150,1150,1150,1495,1474,1484,1114,12917,1,0.92
0.14,-0.18,0.43,-6.48,0.49,4.96,5.40,-2.47,1150,1150,1150,1150,1495,1474,1484,1117,12917,1,1.04
0.12,-0.10,-3.20,9.44,-0.53,0.45,-2.02,2.63,1150,1150,1150,1150,1495,1474,1484,1130,12917,1,1.09
0.11,-0.12,-4.88,7.19,2.64,5.27,-9.21,-13.20,1150,1150,1150,1150,1495,1474,1484,1130,12917,1,0.98
0.14,-0.20,-3.86,-1.65,1.14,11.42,-5.75,-5.68,1150,1150,1150,1150,1495,1474,1484,1135,12917,1,1.07
0.13,-0.16,1.98,-2.93,0.13,-5.36,12.69,-0.64,1150,1150,1150,1150,1495,1474,1484,1135,12917,1,1.07
0.13,-0.12,-3.33,9.31,2.33,4.20,-11.05,-11.66,1150,1150,1150,1150,1495,1474,1484,1143,12917,1,0.90
0.12,-0.18,-3.14,-5.15,3.60,5.43,-0.18,-18.02,1150,1150,1150,1150,1495,1474,1484,1151,12917,1,1.03
0.15,-0.12,9.55,-1.28,-1.82,-12.23,6.09,9.09,1150,1150,1150,1150,1495,1474,1484,1151,12917,1,1.06
0.10,-0.11,-3.76,4.70,-1.63,0.84,-7.49,8.18,1150,1150,1150,1150,1495,1474,1484,1165,12917,1,0.95
0.14,-0.19,-0.74,-4.55,1.53,6.68,-1.72,-7.61,1150,1150,1150,1150,1495,1474,1484,1165,12917,1,1.04
0.17,-0.12,12.20,-6.18,-1.86,-19.86,16.45,9.31,1150,1150,1150,1150,1495,1474,1483,1173,12917,1,1.09
0.10,-0.07,-6.49,9.33,-0.09,1.80,-8.85,0.46,1150,1150,1150,1150,1495,1474,1483,1174,12917,1,0.98
0.14,-0.19,-0.01,-7.54,0.74,5.13,3.17,-3.70,1193,1163,1169,1171,1495,1474,1483,1174,12917,1,1.03
0.17,-0.18,12.27,-14.78,-2.96,-17.41,22.68,14.82,1193,1163,1169,1171,1495,1474,1482,1180,12917,1,1.01
0.14,-0.10,-2.81,6.86,-1.17,-1.83,-4.32,5.89,1193,1163,1169,1171,1495,1474,1482,1180,12917,1,1.01
0.14,-0.16,-6.16,1.76,3.42,8.04,-6.57,-17.09,1193,1163,1169,1171,1495,1474,1482,1190,12917,1,0.97
0.13,-0.21,6.90,-11.44,0.66,-7.66,8.78,-3.31,1193,1163,1169,1171,1495,1474,1482,1201,12917,1,0.92
0.08,-0.12,4.93,-3.69,-1.82,-12.86,10.10,9.12,1193,1163,1169,1171,1495,1474,1482,1201,12917,1,0.94
0.04,-0.11,-5.36,10.30,-1.40,3.97,-14.45,7.00,1193,1163,1169,1171,1495,1474,1483,1201,12917,1,0.92
0.02,-0.19,-6.21,0.76,0.51,13.27,-13.36,-2.55,1193,1163,1169,1171,1495,1474,1483,1201,12917,1,0.99
0.07,-0.25,14.44,-20.02,2.80,-15.25,23.24,-14.01,1261,1187,1203,1185,1495,1474,1483,1209,12917,1,1.05
0.01,-0.11,1.70,3.66,0.31,-7.62,7.82,-1.53,1261,1187,1203,1185,1495,1474,1483,1210,12917,1,1.04
-0.01,-0.11,-12.74,12.05,-1.24,12.88,-16.09,6.23,1261,1187,1203,1185,1495,1474,1483,1210,12917,1,0.99
0.04,-0.19,-5.26,-4.50,1.01,14.23,-2.38,-5.04,1261,1187,1203,1185,1495,1474,1483,1221,12917,1,1.01
0.05,-0.14,8.12,-2.97,-1.96,-7.51,9.78,9.85,1261,1187,1203,1185,1495,1474,1483,1221,12917,1,1.12
-0.02,-0.04,2.77,13.09,-0.30,-15.15,-9.62,1.51,1261,1187,1203,1185,1495,1474,1483,1221,12917,1,1.03
0.01,-0.14,-9.95,8.02,-0.51,14.45,-22.22,2.57,1261,1187,1203,1185,1495,1474,1483,1229,12917,1,0.99
0.13,-0.26,7.98,-20.73,-0.80,3.15,18.93,4.06,1261,1187,1203,1185,1495,1474,1483,1229,12917,1,0.96
0.10,-0.15,14.67,-3.18,0.53,-22.69,18.81,-2.61,1261,1187,1203,1185,1495,1474,1483,1235,12917,1,1.11
0.03,-0.12,-5.68,11.54,-0.68,-3.99,-12.85,3.44,1257,1203,1257,1223,1495,1474,1483,1235,12917,1,1.05
0.03,-0.15,-16.51,1.36,-1.38,18.78,-8.35,6.96,1257,1203,1257,1223,1495,1474,1483,1239,12917,1,0.95
0.07,-0.16,-5.74,-0.48,0.08,17.67,0.34,-0.36,1257,1203,1257,1223,1495,1474,1483,1257,12917,1,0.86
0.09,-0.23,24.02,-10.48,4.90,-29.60,9.38,-24.44,1257,1203,1257,1223,1495,1474,1483,1257,12917,1,1.06
-0.00,-0.18,7.59,-11.24,0.16,-19.41,20.32,-0.73,1257,1203,1257,1223,1495,1474,1483,1257,12917,1,1.05
-0.04,-0.05,-18.76,14.63,-0.76,16.81,-2.16,3.82,1257,1203,1257,1223,1495,1474,1483,1257,12917,1,0.99
0.06,-0.12,-6.04,15.77,-4.42,15.49,-27.40,22.16,1257,1203,1257,1223,1495,1474,1483,1275,12917,1,1.14
0.04,-0.19,-7.81,-6.49,2.90,12.81,0.33,-14.48,1257,1203,1257,1223,1495,1474,1483,1275,12917,1,0.86
0.11,-0.19,7.86,1.45,1.01,0.18,-4.39,-5.01,1301,1287,1263,1249,1495,1474,1483,1275,12917,1,1.09
0.09,-0.24,15.68,-17.07,2.56,-21.73,21.55,-12.76,1301,1287,1263,1249,1495,1474,1483,1280,12917,1,0.98
0.07,-0.13,7.76,5.68,0.95,-18.42,2.71,-4.72,1301,1287,1263,1249,1495,1474,1483,1280,12917,1,1.02
0.02,-0.11,-13.24,8.53,-2.41,6.67,-11.43,12.12,1301,1287,1263,1249,1495,1474,1483,1288,12917,1,1.01
0.07,-0.06,-19.63,20.17,-4.40,32.55,-29.89,22.08,1301,1287,1263,1249,1495,1474,1483,1294,12917,1,0.98
0.17,-0.15,-3.33,-2.07,1.04,17.44,-8.20,-5.15,1301,1287,1263,1249,1495,1474,1483,1294,12917,1,0.88
0.19,-0.22,13.43,-12.95,3.79,-11.30,11.51,-18.93,1301,1287,1263,1249,1495,1474,1483,1307,12917,1,1.13
0.16,-0.15,10.59,-4.29,1.12,-12.04,9.50,-5.56,1301,1287,1263,1249,1495,1474,1483,1307,12917,1,0.96
0.16,-0.19,18.25,-11.07,4.64,-31.60,13.60,-23.22,1374,1302,1266,1286,1495,1474,1483,1307,12917,1,0.98
0.11,-0.10,-1.57,0.88,0.71,-4.47,12.80,-3.54,1374,1302,1266,1286,1495,1474,1483,1310,12917,1,1.07
0.02,-0.12,1.36,3.36,-0.81,-7.59,0.13,4.06,1374,1302,1266,1286,1495,1474,1483,1310,12917,1,1.03
0.08,-0.13,-5.35,18.54,-3.77,10.35,-27.95,18.95,1374,1302,1266,1286,1495,1474,1483,1316,12917,1,0.92
0.08,-0.20,-4.82,21.93,-4.42,2.03,-41.20,22.22,1374,1302,1266,1286,1495,1474,1483,1316,12917,1,1.00
0.13,-0.23,-4.68,10.97,-4.46,8.17,-23.42,22.46,1374,1302,1266,1286,1495,1474,1483,1323,12917,1,1.01
0.08,-0.33,-16.28,-11.15,-2.43,15.52,2.71,12.30,1374,1302,1266,1286,1495,1474,1483,1337,12917,1,0.87
0.06,-0.40,-12.84,-22.87,-1.28,15.00,24.12,6.56,1374,1302,1266,1286,1495,1474,1483,1337,12917,1,0.80
0.11,-0.42,-6.58,-24.98,-0.03,15.72,36.38,0.23,1374,1302,1266,1286,1495,1474,1483,1337,12917,1,0.88
0.14,-0.41,-2.71,-18.99,2.23,14.38,32.11,-11.10,1314,1356,1304,1374,1495,1474,1483,1337,12917,1,1.03
0.14,-0.37,0.08,-8.25,4.58,12.64,18.82,-22.86,1314,1356,1304,1374,1495,1474,1483,1353,12917,1,1.14
0.16,-0.34,5.48,-2.64,5.18,4.33,11.26,-25.91,1314,1356,1304,1374,1495,1474,1483,1360,12917,1,1.19
0.12,-0.33,1.07,-5.11,4.13,0.87,10.93,-20.68,1314,1356,1304,1374,1495,1474,1483,1360,12917,1,1.05
0.04,-0.33,-8.73,-9.34,3.23,13.10,15.00,-16.16,1314,1356,1304,1374,1495,1474,1483,1360,12917,1,1.02
-0.01,-0.30,-8.19,-6.26,3.37,13.32,7.81,-16.88,1314,1356,1304,1374,1495,1474,1483,1360,12917,1,0.98
0.03,-0.28,-4.88,-8.53,2.19,14.15,11.99,-11.00,1314,1356,1304,1374,1495,1474,1483,1374,12917,1,0.94
0.10,-0.26,-14.74,-12.66,3.22,32.56,16.08,-16.16,1314,1356,1304,1374,1495,1474,1483,1380,12917,1,0.84
0.14,-0.16,-11.39,-5.44,5.33,23.98,9.09,-26.77,1405,1403,1317,1395,1495,1474,1483,1380,12917,1,0.76
0.10,-0.06,-17.56,-3.59,4.15,33.57,12.25,-20.88,1405,1403,1317,1395,1495,1474,1483,1381,12917,1,0.73
0.14,0.07,-11.72,-0.53,4.47,28.70,9.93,-22.57,1405,1403,1317,1395,1495,1474,1483,1381,12917,1,0.73
0.13,0.18,-17.52,0.19,6.38,34.02,8.45,-32.15,1405,1403,1317,1395,1495,1474,1483,1390,12917,1,0.86
0.14,0.28,-20.74,4.35,6.83,42.73,5.76,-34.50,1405,1403,1317,1395,1495,1474,1483,1391,12917,1,0.99
0.14,0.30,-21.50,5.01,7.92,42.19,3.29,-40.05,1405,1403,1317,1395,1495,1474,1483,1391,12917,1,1.10
0.17,0.24,-18.78,1.55,6.81,37.27,-0.25,-34.63,1405,1403,1317,1395,1495,1474,1483,1406,12917,1,1.16
0.13,0.11,-12.30,-9.21,6.13,17.98,6.38,-31.31,1405,1403,1317,1395,1495,1474,1483,1406,12917,1,1.16
0.11,-0.05,-0.81,-15.63,2.02,-0.91,6.35,-10.82,1423,1391,1403,1411,1495,1474,1483,1407,12917,1,1.03
0.15,-0.12,11.68,-12.86,0.11,-18.90,3.92,-1.37,1423,1391,1403,1411,1495,1474,1483,1414,12917,1,0.99
0.21,-0.10,16.07,-6.36,-0.39,-31.99,-3.83,1.08,1423,1391,1403,1411,1495,1474,1483,1414,12917,1,0.96
0.25,0.01,6.93,16.56,4.96,-12.21,-31.90,-25.81,1423,1391,1403,1411,1495,1474,1483,1414,12917,1,1.06
0.28,-0.14,13.93,14.15,7.86,-14.83,-42.73,-40.40,1423,1391,1403,1411,1495,1474,1483,1414,12917,1,0.99
0.47,-0.34,31.06,8.79,12.93,-24.53,-33.52,-65.90,1423,1391,1403,1411,1495,1474,1483,1419,12917,1,1.06
0.68,-0.42,31.97,11.41,16.57,-23.31,-28.52,-84.22,1423,1391,1403,1411,1495,1474,1483,1419,12810,1,1.14
0.80,-0.62,25.39,0.38,16.58,-15.83,-7.02,-84.42,1423,1391,1403,1411,1495,1474,1483,1419,12810,1,1.13
0.82,-1.01,15.05,-16.19,16.38,-4.59,3.96,-83.57,1423,1391,1403,1411,1495,1474,1483,1419,12810,1,0.96
0.81,-1.31,7.87,-17.24,14.42,8.05,7.98,-73.95,1469,1317,1459,1431,1495,1474,1483,1419,12810,1,0.94
0.89,-1.58,7.49,-22.41,11.54,15.61,12.26,-59.74,1469,1317,1459,1431,1495,1474,1483,1419,12810,1,1.18
0.99,-1.98,-3.72,-51.28,9.75,26.39,42.36,-50.97,1469,1317,1459,1431,1495,1474,1483,1421,12810,1,1.09
1.09,-2.35,-21.22,-53.81,9.07,50.65,45.63,-47.75,1469,1317,1459,1431,1495,1474,1483,1421,12810,1,1.09
1.23,-2.74,-2.17,-44.02,6.06,30.20,24.26,-32.86,1469,1317,1459,1431,1495,1474,1483,1422,12810,1,1.03
1.52,-3.08,17.15,-35.19,8.70,9.47,10.70,-46.25,1469,1317,1459,1431,1495,1474,1483,1422,12810,1,1.00
1.75,-3.40,23.03,-35.22,11.09,-17.72,18.52,-58.39,1469,1317,1459,1431,1495,1474,1483,1423,12810,1,1.09
2.00,-3.82,30.22,-35.20,11.09,-34.10,6.19,-58.61,1469,1317,1459,1431,1495,1474,1483,1425,12810,1,1.09
2.52,-4.18,38.74,-17.16,9.92,-21.51,-22.99,-52.92,1480,1310,1440,1470,1495,1474,1483,1425,12810,1,1.22
3.10,-4.60,52.77,-19.47,10.90,-25.37,-20.85,-57.98,1480,1310,1440,1470,1495,1474,1483,1426,12810,1,1.26
3.65,-5.09,64.94,-29.46,15.55,-41.43,-11.66,-81.44,1480,1310,1440,1470,1495,1474,1483,1426,12810,1,1.09
4.24,-5.56,68.97,-47.70,19.24,-41.84,24.73,-100.05,1480,1310,1440,1470,1495,1474,1483,1426,12810,1,1.20
4.93,-5.94,73.89,-47.46,20.02,-37.25,41.97,-104.15,1480,1310,1440,1470,1495,1474,1483,1426,12810,1,1.08
5.67,-6.39,101.19,-43.05,17.98,-68.24,30.58,-94.13,1480,1310,1440,1470,1495,1474,1483,1426,12810,1,1.04
6.48,-6.91,121.84,-56.72,15.84,-87.78,23.95,-83.60,1480,1310,1440,1470,1495,1474,1483,1427,12810,1,1.07
7.13,-7.10,67.76,-33.19,17.64,-13.10,25.47,-92.76,1480,1310,1440,1470,1495,1474,1483,1427,12810,1,1.06
7.84,-7.54,63.42,-13.43,9.48,11.51,-25.34,-52.16,1443,1389,1361,1515,1495,1474,1483,1427,12810,1,1.28
8.62,-8.13,50.76,-60.28,10.41,20.56,26.92,-57.02,1443,1389,1361,1515,1495,1474,1483,1427,12810,1,0.94
9.55,-8.50,31.78,-68.27,8.51,52.76,64.97,-47.63,1443,1389,1361,1515,1495,1474,1483,1427,12810,1,0.74
10.82,-8.92,90.90,-57.27,6.23,1.19,27.86,-36.43,1443,1389,1361,1515,1495,1474,1483,1427,12810,1,1.08
11.73,-9.20,83.21,-66.03,13.27,-21.93,49.84,-71.83,1443,1389,1361,1515,1495,1474,1483,1427,12810,1,0.87
12.85,-9.33,90.30,-19.86,6.51,-15.74,2.42,-38.14,1443,1389,1361,1515,1495,1474,1483,1427,12810,1,1.09
13.83,-9.67,96.59,-23.45,3.11,-43.43,-4.36,-21.35,1443,1389,1361,1515,1495,1474,1483,1427,12810,1,1.17
14.71,-9.99,85.47,-34.67,5.64,-47.67,24.86,-34.20,1443,1389,1361,1515,1495,1474,1483,1427,12810,1,1.07
15.99,-10.25,105.95,-8.45,3.71,-57.74,-21.75,-24.71,1443,1389,1361,1515,1495,1474,1483,1427,12810,1,1.14
17.01,-10.71,105.61,-38.21,11.59,-70.98,-1.93,-64.32,1624,1352,1266,1466,1495,1474,1483,1427,12810,1,0.96
17.89,-10.93,99.92,-38.61,18.05,-46.91,13.48,-96.85,1624,1352,1266,1466,1495,1474,1483,1427,12810,1,0.52
18.98,-11.13,128.43,-17.69,14.39,-70.33,-2.44,-78.72,1624,1352,1266,1466,1495,1474,1483,1427,12810,1,0.90
19.87,-11.40,131.14,-47.62,13.47,-94.83,41.19,-74.26,1624,1352,1266,1466,1495,1474,1483,1427,12810,1,0.87
20.98,-11.35,120.41,-3.59,17.75,-77.77,10.88,-95.86,1624,1352,1266,1466,1495,1474,1483,1427,12810,1,1.25
21.83,-11.53,111.14,-11.54,20.41,-87.45,-2.02,-109.39,1624,1352,1266,1466,1495,1474,1483,1427,12810,1,1.41
22.64,-11.60,82.08,-10.95,21.25,-36.87,-1.81,-113.77,1624,1352,1266,1466,1495,1474,1483,1427,12810,1,1.01
23.25,-11.64,75.06,6.25,24.68,-33.78,-14.03,-131.19,1624,1352,1266,1466,1495,1474,1483,1427,12810,1,0.91
23.89,-11.74,83.34,-12.28,21.90,-41.63,16.53,-117.44,1530,1424,1328,1426,1495,1474,1483,1427,12810,1,1.06
24.57,-11.79,94.87,-14.32,19.57,-63.25,19.80,-105.97,1530,1424,1328,1426,1495,1474,1483,1427,12810,1,0.90
25.05,-11.79,95.67,-6.85,21.66,-86.81,15.20,-116.61,1530,1424,1328,1426,1495,1474,1483,1427,12810,1,0.92
25.42,-11.77,78.65,1.94,17.69,-70.22,6.15,-96.95,1530,1424,1328,1426,1495,1474,1483,1427,12810,1,0.95
25.54,-11.77,75.44,3.95,14.21,-77.35,-14.64,-79.69,1530,1424,1328,1426,1495,1474,1483,1427,12810,1,0.61
25.63,-11.60,46.25,0.29,14.74,-41.57,13.02,-82.52,1530,1424,1328,1426,1495,1474,1483,1427,12810,1,0.68
25.78,-11.44,57.18,14.53,14.59,-49.60,-15.83,-81.91,1530,1424,1328,1426,1495,1474,1483,1427,12810,1,0.89
25.89,-11.37,44.87,-4.95,16.14,-34.40,4.91,-89.84,1530,1424,1328,1426,1495,1474,1483,1427,12810,1,0.92
25.97,-11.21,39.63,-5.90,13.89,-28.81,18.23,-78.74,1551,1359,1339,1459,1495,1474,1483,1427,12810,1,0.95
26.04,-11.09,39.73,-6.52,14.98,-34.47,21.49,-84.32,1551,1359,1339,1459,1495,1474,1483,1427,12810,1,1.21
25.95,-11.03,26.99,-18.30,13.95,-35.26,39.29,-79.35,1551,1359,1339,1459,1495,1474,1483,1427,12810,1,1.07
25.80,-10.88,28.71,-3.40,15.84,-37.91,12.97,-88.99,1551,1359,1339,1459,1495,1474,1473,1437,12810,1,1.03
25.43,-10.77,-1.34,7.07,16.90,-4.62,1.05,-94.45,1551,1359,1339,1459,1495,1474,1473,1437,12810,1,1.06
25.05,-10.82,-2.25,5.86,12.38,4.00,-11.38,-72.03,1551,1359,1339,1459,1495,1474,1473,1437,12810,1,1.08
24.74,-10.82,-7.63,-7.86,12.77,5.13,8.63,-74.18,1551,1359,1339,1459,1495,1474,1473,1437,12810,1,1.02
24.44,-10.84,-28.97,-27.31,8.68,22.12,46.05,-53.88,1551,1359,1339,1459,1495,1474,1473,1437,12810,1,0.96
24.21,-10.86,-14.95,-28.15,11.99,2.34,29.98,-70.66,1551,1359,1339,1459,1495,1475,1483,1427,12810,1,0.82
23.73,-10.80,-33.80,-19.94,11.97,14.89,25.50,-70.75,1478,1406,1326,1498,1495,1475,1483,1427,12810,1,0.70
23.35,-10.82,-27.29,-5.10,5.84,15.75,-1.03,-40.28,1478,1406,1326,1498,1495,1474,1483,1427,12810,1,0.61
22.87,-10.75,-34.40,-7.02,5.55,13.21,2.86,-39.02,1478,1406,1326,1498,1495,1474,1483,1427,12810,1,0.69
22.40,-10.70,-29.59,-16.48,1.80,1.66,31.41,-20.43,1478,1406,1326,1498,1495,1474,1483,1427,12810,1,0.76
22.22,-10.63,-7.82,-3.16,3.53,-17.39,-1.84,-29.25,1478,1406,1326,1498,1495,1474,1483,1427,12810,1,1.10
21.88,-10.55,-29.38,-2.18,7.59,-2.28,-5.51,-49.74,1478,1406,1326,1498,1495,1474,1483,1427,12810,1,1.21
21.61,-10.51,-26.62,5.01,5.54,3.74,-10.05,-39.67,1478,1406,1326,1498,1495,1474,1483,1427,12810,1,1.28
21.18,-10.52,-50.59,6.29,10.64,24.13,-13.84,-65.36,1478,1406,1326,1498,1495,1474,1483,1427,12810,1,1.39
20.61,-10.64,-52.74,-10.34,11.89,13.94,7.73,-71.89,1540,1304,1376,1488,1495,1474,1483,1427,12810,1,1.21
20.11,-10.87,-26.99,-24.45,14.92,-15.42,25.37,-87.29,1540,1304,1376,1488,1495,1474,1483,1427,12810,1,0.94
19.42,-11.00,-30.09,-17.60,17.81,-20.10,8.66,-102.00,1540,1304,1376,1488,1495,1474,1483,1427,12810,1,0.84
18.55,-10.94,-58.07,3.66,15.34,20.49,-22.87,-89.85,1540,1304,1376,1488,1495,1474,1483,1427,12810,1,0.70
17.76,-10.40,-71.03,11.85,6.55,32.40,15.42,-46.01,1540,1304,1376,1488,1495,1474,1483,1427,12810,1,1.02
16.92,-9.43,-74.39,64.38,0.71,23.50,-5.77,-16.80,1540,1304,1376,1488,1495,1474,1483,1427,12810,1,0.97
16.26,-8.78,-48.89,53.87,0.17,-7.53,-28.94,-14.12,1540,1304,1376,1488,1495,1474,1483,1427,12810,1,0.74
15.38,-8.08,-40.78,42.70,7.04,-37.44,-0.36,-48.46,1540,1304,1376,1488,1495,1474,1483,1427,12810,1,1.07
14.58,-7.43,-26.63,52.38,6.78,-41.82,-25.08,-47.25,1490,1446,1314,1458,1495,1474,1483,1427,12810,1,1.05
14.09,-6.83,-23.06,61.63,11.44,-26.11,-41.49,-70.58,1490,1446,1314,1458,1495,1474,1483,1427,12810,1,1.18
13.37,-6.40,-41.85,52.84,14.20,-16.94,-24.28,-84.50,1490,1446,1314,1458,1495,1474,1483,1427,12810,1,1.29
12.70,-6.14,-39.90,19.57,13.41,-16.69,16.18,-80.66,1490,1446,1314,1458,1495,1474,1483,1427,12810,1,1.11
12.01,-5.78,-40.16,20.35,18.62,-24.90,24.47,-106.86,1490,1446,1314,1458,1495,1474,1483,1427,12810,1,1.10
11.28,-5.60,-29.69,6.89,19.04,-37.00,25.56,-109.10,1490,1446,1314,1458,1495,1474,1483,1427,12810,1,0.92
10.56,-5.29,-35.93,13.39,17.24,-14.45,6.06,-100.29,1490,1446,1314,1458,1495,1474,1483,1427,12810,1,0.78
9.70,-4.57,-73.67,49.09,14.32,34.29,-13.07,-85.85,1490,1446,1314,1458,1495,1474,1483,1427,12810,1,1.09
8.85,-3.95,-85.21,59.88,7.84,54.03,-30.08,-53.60,1490,1446,1314,1458,1495,1474,1483,1427,12810,1,1.23
8.02,-3.50,-101.53,30.10,4.19,61.87,2.73,-35.47,1450,1408,1410,1440,1495,1474,1483,1427,12810,1,1.03
7.28,-3.08,-94.14,19.93,4.26,54.00,12.44,-35.91,1450,1408,1410,1440,1495,1474,1484,1427,12810,1,1.01
6.51,-2.59,-99.55,21.63,7.16,56.63,7.80,-50.59,1450,1408,1410,1440,1495,1474,1484,1427,12810,1,0.96
5.71,-2.17,-87.54,10.45,7.03,41.68,22.91,-50.10,1450,1408,1410,1440,1495,1474,1484,1427,12810,1,0.77
5.09,-1.73,-59.21,24.32,8.12,11.40,5.20,-55.68,1450,1408,1410,1440,1495,1474,1484,1427,12810,1,1.03
4.40,-1.43,-50.97,14.74,8.52,-19.10,10.94,-57.87,1450,1408,1410,1440,1495,1474,1484,1427,12699,1,1.00
3.86,-1.00,-32.46,24.43,8.40,-43.34,4.59,-57.40,1450,1408,1410,1440,1495,1474,1473,1439,12699,1,1.13
3.24,-0.37,-35.06,48.18,8.81,-41.86,-29.11,-59.56,1450,1408,1410,1440,1495,1474,1473,1439,12699,1,1.24
2.55,0.19,-48.84,58.84,13.43,-26.22,-25.05,-82.85,1429,1361,1411,1555,1495,1474,1473,1439,12699,1,1.22
1.80,0.47,-43.99,51.21,12.89,-35.26,-33.50,-80.38,1429,1361,1411,1555,1495,1474,1474,1440,12699,1,1.20
0.99,0.66,-46.12,21.51,15.58,-35.85,5.65,-94.03,1429,1361,1411,1555,1495,1474,1474,1440,12699,1,0.86
0.26,0.94,-48.46,23.93,15.34,-23.88,6.33,-92.99,1429,1361,1411,1555,1495,1474,1476,1442,12699,1,0.92
-0.39,1.18,-44.82,25.18,16.22,-14.62,-14.36,-97.56,1429,1361,1411,1555,1495,1474,1476,1442,12699,1,0.71
-0.87,1.41,-33.52,31.00,15.24,-9.47,-26.63,-92.83,1429,1361,1411,1555,1495,1474,1474,1442,12699,1,1.06
-1.52,1.59,-55.22,7.35,15.89,16.74,7.18,-96.31,1429,1361,1411,1555,1495,1474,1473,1445,12699,1,1.06
-2.11,1.69,-69.82,19.49,10.19,52.40,-17.81,-67.98,1429,1361,1411,1555,1495,1474,1473,1445,12699,1,1.26
-2.79,1.51,-68.67,-8.23,10.63,53.70,2.63,-70.40,1465,1321,1431,1567,1495,1474,1473,1446,12699,1,0.84
-3.36,1.36,-79.09,-13.73,8.99,69.09,-6.18,-62.37,1465,1321,1431,1567,1495,1474,1473,1446,12699,1,0.91
-3.93,1.21,-102.54,-53.22,11.24,86.42,72.80,-73.82,1465,1321,1431,1567,1495,1474,1473,1446,12699,1,0.42
-4.14,1.18,-49.81,-27.72,5.74,44.34,20.85,-46.48,1465,1321,1431,1567,1495,1474,1476,1444,12699,1,0.80
-4.62,1.14,-53.98,-24.83,16.84,22.82,26.44,-102.18,1465,1321,1431,1567,1495,1474,1476,1444,12699,1,0.93
-5.41,0.92,-55.97,-28.64,9.45,16.87,12.01,-65.41,1465,1321,1431,1567,1495,1474,1479,1442,12699,1,0.71
-5.80,0.65,-22.73,-12.26,6.93,-8.17,3.12,-52.93,1465,1321,1431,1567,1495,1474,1479,1442,12699,1,0.93
-6.59,0.37,-30.18,-42.62,11.61,-24.06,26.63,-76.52,1465,1321,1431,1567,1495,1474,1479,1442,12699,1,0.60
-6.73,0.29,4.31,-30.80,10.65,-34.45,22.22,-71.84,1465,1321,1431,1567,1495,1474,1478,1443,12699,1,0.77
-6.87,0.12,7.59,-30.11,20.81,-44.53,33.04,-122.81,1495,1321,1399,1557,1495,1474,1478,1443,12699,1,0.78
-7.12,-0.22,4.38,-59.13,21.78,-46.17,54.00,-127.81,1495,1321,1399,1557,1495,1474,1478,1443,12699,1,0.58
-7.23,-0.32,1.48,-11.96,14.87,-28.51,17.56,-93.41,1495,1321,1399,1557,1495,1474,1478,1442,12699,1,1.08
-7.70,-0.61,-35.88,-38.15,12.09,-1.65,57.75,-79.67,1495,1321,1399,1557,1495,1474,1478,1442,12699,1,0.95
-8.01,-0.92,-29.51,-22.73,3.26,-1.62,12.60,-35.67,1495,1321,1399,1557,1495,1474,1480,1440,12699,1,0.89
-8.34,-1.16,-33.12,-25.93,6.42,4.79,10.80,-51.67,1495,1321,1399,1557,1495,1474,1480,1440,12699,1,0.59
-8.63,-1.32,-48.58,-23.72,3.11,31.42,9.30,-35.22,1495,1321,1399,1557,1495,1474,1481,1440,12699,1,0.75
-8.65,-1.26,-12.71,8.14,-2.89,4.31,3.18,-5.36,1495,1321,1399,1557,1495,1474,1481,1440,12699,1,1.15
-8.71,-1.38,10.07,0.98,-8.51,-38.59,-19.68,22.73,1442,1372,1450,1496,1495,1474,1481,1440,12699,1,1.14
-8.52,-1.13,11.29,20.97,-7.10,-23.93,-7.12,15.75,1442,1372,1450,1496,1495,1474,1479,1442,12699,1,0.93
-7.78,-0.93,52.63,37.35,-5.86,-42.86,-28.31,9.62,1442,1372,1450,1496,1495,1474,1479,1442,12699,1,1.28
-7.59,-0.90,25.19,-1.54,5.73,-40.19,24.72,-48.31,1442,1372,1450,1496,1495,1474,1479,1442,12699,1,0.95
-7.17,-0.69,24.87,10.95,2.54,-13.46,15.57,-32.31,1442,1372,1450,1496,1496,1474,1479,1442,12699,1,0.99
-6.94,-0.38,6.16,41.96,-1.93,15.30,-24.61,-9.97,1442,1372,1450,1496,1496,1474,1479,1442,12699,1,0.93
-6.66,-0.36,-10.33,29.22,-6.10,31.24,-36.96,10.85,1442,1372,1450,1496,1496,1474,1479,1440,12699,1,0.94
-6.45,-0.22,-47.95,-14.35,-2.50,62.72,30.59,-7.19,1442,1372,1450,1496,1496,1474,1479,1440,12699,1,0.88
-5.99,0.06,-25.75,14.97,0.59,52.79,8.97,-22.66,1418,1358,1478,1506,1496,1474,1479,1440,12699,1,1.04
-5.20,0.22,62.80,26.60,0.81,-56.57,-22.56,-23.84,1418,1358,1478,1506,1496,1474,1479,1441,12699,1,1.11
-5.04,0.26,53.98,-18.11,14.32,-91.03,39.49,-91.52,1418,1358,1478,1506,1496,1474,1478,1441,12699,1,0.71
-4.94,0.60,10.30,20.58,16.59,-28.62,10.45,-102.93,1418,1358,1478,1506,1496,1474,1478,1441,12699,1,0.97
-4.73,0.79,-34.50,20.75,5.30,51.48,-15.51,-46.58,1418,1358,1478,1506,1496,1474,1478,1441,12699,1,0.81
-4.54,0.99,-37.90,-2.85,1.63,69.62,16.48,-28.34,1418,1358,1478,1506,1496,1474,1478,1441,12699,1,0.47
-4.07,1.34,35.27,32.00,2.43,-17.75,-24.10,-32.41,1418,1358,1478,1506,1495,1474,1478,1445,12699,1,1.06
-4.04,1.55,40.46,8.78,6.12,-79.95,10.85,-50.99,1418,1358,1478,1506,1495,1474,1473,1445,12699,1,0.96
-4.02,1.94,-9.61,36.98,14.01,-7.57,2.85,-90.56,1418,1358,1478,1506,1495,1474,1473,1445,12699,1,0.97
-3.80,2.12,-12.73,34.90,9.72,28.83,-18.99,-69.25,1626,1322,1376,1456,1495,1474,1473,1445,12699,1,1.14
-3.63,2.41,0.63,22.49,12.06,14.97,-6.53,-81.09,1626,1322,1376,1456,1495,1474,1485,1413,12699,1,0.99
-3.41,2.66,0.06,-0.17,11.53,16.19,19.16,-78.54,1626,1322,1376,1456,1495,1474,1485,1390,12699,1,0.99
-3.24,3.12,-16.81,-3.12,9.47,32.72,35.55,-68.33,1626,1322,1376,1456,1495,1474,1485,1390,12699,1,0.76
-2.88,3.84,8.48,61.56,4.98,12.36,-29.28,-46.00,1626,1322,1376,1456,1495,1474,1493,1226,12699,1,0.99
-2.59,4.23,57.67,61.04,0.05,-79.84,-55.13,-21.50,1626,1322,1376,1456,1495,1474,1493,1226,12699,1,0.87
-2.56,4.66,22.48,40.39,11.72,-59.82,-11.18,-80.03,1626,1322,1376,1456,1495,1474,1493,1226,12699,1,0.67
-2.36,5.12,-6.30,47.38,14.74,7.91,-14.06,-95.25,1626,1322,1376,1456,1495,1474,1493,1118,12699,1,0.95
-1.97,5.53,10.31,28.71,16.15,19.38,2.11,-102.31,1210,1150,1150,1152,1495,1474,1512,1118,12699,1,0.82
-1.48,6.17,31.00,53.54,19.51,6.30,-20.79,-119.10,1210,1150,1150,1152,1495,1474,1516,1040,12699,1,0.95
-1.04,6.69,51.09,49.88,18.52,-22.57,-23.19,-114.16,1210,1150,1150,1152,1495,1474,1516,1040,12699,1,1.16
-0.57,7.25,46.96,27.12,17.71,-24.64,8.63,-110.14,1210,1150,1150,1152,1495,1474,1523,1039,12699,1,0.95
-0.18,7.99,14.90,24.35,17.90,1.55,36.79,-111.07,1210,1150,1150,1152,1495,1474,1523,1039,12699,1,0.96
0.19,8.77,-2.22,44.44,16.50,19.65,23.47,-104.05,1210,1150,1150,1152,1495,1474,1543,1039,12699,1,1.18
0.55,9.48,-0.00,55.31,17.83,12.29,14.31,-110.72,1210,1150,1150,1152,1495,1474,1543,1039,12699,1,1.05
0.78,10.15,16.15,69.15,20.82,-23.42,-1.85,-125.65,1210,1150,1150,1152,1495,1474,1543,1039,12699,1,0.55
1.04,10.79,45.25,73.28,21.04,-60.22,-10.88,-126.78,1150,1150,1150,1150,1495,1474,1475,1039,12699,1,0.51
1.27,11.63,39.25,75.09,19.25,-47.59,-22.41,-117.82,1150,1150,1150,1150,1495,1474,1475,1039,12699,1,0.39
1.34,12.56,16.15,85.37,18.43,-22.21,-41.11,-113.70,1150,1150,1150,1150,1495,1474,1475,1039,12699,1,0.53
1.52,13.44,-8.50,91.54,20.87,22.77,-46.29,-125.94,1150,1150,1150,1150,1495,1474,1476,1039,12699,1,0.57
1.70,14.47,-10.73,91.40,22.46,7.25,-51.17,-133.87,1150,1150,1150,1150,1495,1474,1476,1039,12699,1,0.14
2.01,15.45,16.26,91.49,16.34,-11.16,-37.64,-103.26,1150,1150,1150,1150,1495,1474,1483,1039,12699,1,0.47
2.05,16.35,-8.02,63.89,18.84,27.88,11.62,-115.80,1150,1150,1150,1150,1495,1474,1483,1039,12699,1,0.59
2.40,17.48,28.05,99.14,30.45,-22.27,-41.85,-173.81,1150,1150,1150,1150,1495,1474,1483,1039,12699,1,0.64
2.19,18.53,10.58,94.35,25.21,-38.94,-22.64,-147.63,1150,1150,1150,1150,1495,1474,1482,1039,12699,1,0.32
1.90,19.51,-10.70,101.16,21.82,-10.66,-38.16,-130.65,1150,1150,1150,1150,1495,1474,1482,1039,12699,1,0.58
0.95,20.75,-35.21,100.95,21.02,28.71,-52.03,-126.67,1150,1150,1150,1150,1495,1474,1482,1039,12699,1,-0.11
1.00,22.08,-2.24,108.80,25.90,20.57,-37.60,-151.07,1150,1150,1150,1150,1495,1474,1482,1039,12699,1,0.31
0.61,23.42,16.84,108.24,26.56,-19.12,-56.57,-154.36,1150,1150,1150,1150,1495,1474,1482,1039,12699,1,0.20
0.05,24.72,5.73,85.49,31.01,-38.60,1.62,-176.63,1150,1150,1150,1150,1495,1474,1482,1039,12699,1,0.06
-0.37,26.00,-27.04,127.61,22.10,11.94,-63.18,-132.06,1150,1150,1150,1150,1495,1474,1482,1039,12699,1,0.39
-0.28,27.40,-30.75,103.01,26.25,5.68,-37.18,-152.82,1150,1150,1150,1150,1495,1474,1482,1039,12699,1,-0.03
-0.37,28.65,-36.59,126.91,27.35,48.35,-47.79,-158.32,1150,1150,1150,1150,1495,1474,1482,1039,12699,1,0.40
-0.12,29.96,6.84,119.93,28.55,-16.27,-57.26,-164.31,1150,1150,1150,1150,1495,1474,1482,1039,12699,1,0.30
-0.35,31.12,-0.37,104.08,24.35,-35.03,-33.50,-143.32,1150,1150,1150,1150,1495,1474,1482,1039,12699,1,0.28
-0.55,32.58,-27.84,109.64,30.25,-15.07,-20.17,-172.83,1150,1150,1150,1150,1495,1474,1482,1039,12699,1,0.18
-0.85,33.96,-50.53,144.96,26.32,25.91,-87.13,-153.17,1150,1150,1150,1150,1495,1474,1482,1039,12699,1,0.32
-1.58,33.99,-150.05,-13.95,25.39,125.53,100.21,-148.51,1150,1150,1150,1150,1495,1474,1482,1039,12699,1,0.81
-2.34,30.57,-55.12,-312.17,32.77,-33.57,169.16,-185.41,1150,1150,1150,1150,1495,1474,1482,1039,12708,1,1.37
-4.47,26.43,-221.80,-516.06,24.71,90.72,376.22,-145.11,1150,1150,1150,1150,1495,1474,1482,1039,12708,1,1.22
-5.27,22.41,-119.51,-249.63,43.09,-13.30,-36.65,-237.02,1150,1150,1150,1150,1495,1474,1482,1039,12708,1,0.45
-6.99,17.62,-193.76,-351.15,47.41,102.44,77.79,-258.61,1150,1150,1150,1150,1495,1474,1482,1039,12708,1,0.58
-8.13,13.36,-151.36,-355.19,71.49,6.60,86.94,-379.03,1150,1150,1150,1150,1495,1474,1482,1039,12708,1,0.06
